{
  "gizmos-infos": {
    "is2D": false,
    "is3DIcon": false,
    "iconSize": 2,
    "gridVisible": true,
    "gridColor": [
      150,
      150,
      150,
      255
    ],
    "isIconGizmo3D": false,
    "iconGizmoSize": 2,
    "isGridVisible": true
  },
  "camera": {
    "fov": 45,
    "far": 10000,
    "near": 0.01,
    "color": [
      48,
      48,
      48,
      255
    ],
    "wheelSpeed": 0.01,
    "wanderSpeed": 10,
    "enableAcceleration": true,
    "far2D": 10000,
    "near2D": 1,
    "wheelSpeed2D": 6
  },
  "camera-infos": {
    "f46876e4-e81b-4931-b493-6d367be385e7": {
      "position": {
        "x": -0.03833479493058972,
        "y": 1.6101851029468408,
        "z": 0.327327432372361
      },
      "rotation": {
        "x": -0.057164050425294995,
        "y": -0.19373657721020912,
        "z": -0.011308613057594397,
        "w": 0.9793214616562638
      },
      "viewCenter": {
        "x": 0.28521034773726495,
        "y": 1.510644388694231,
        "z": -0.4584157334677054
      }
    },
    "1b15421c-d01c-4d62-b0b4-862004f54b13": {
      "position": {
        "x": 0.35936957111834733,
        "y": 1.559598631089702,
        "z": 0.7438048532804773
      },
      "rotation": {
        "x": -0.04735638100045424,
        "y": -0.08963335523738997,
        "z": -0.004266731075375245,
        "w": 0.9948391979678718
      },
      "viewCenter": {
        "x": 0.4499580252262916,
        "y": 1.5112395373686383,
        "z": 0.24516587507474097
      }
    },
    "7781d08f-b608-4a15-9765-4a86f7f265f6": {
      "position": {
        "x": -0.14304022926187338,
        "y": 1.8479387256362017,
        "z": 2.312715849560666
      },
      "rotation": {
        "x": -0.11799976596364345,
        "y": -0.020456054058873345,
        "z": -0.002431314555658387,
        "w": 0.9927999260700735
      },
      "viewCenter": {
        "x": -0.025909523880046775,
        "y": 1.1623033062054944,
        "z": -0.5284476030554957
      }
    },
    "1fdd953a-e575-4bcc-9202-83f0fd419068": {
      "position": {
        "x": 0.11865305641210633,
        "y": 1.3847311190853233,
        "z": 0.7968256083413471
      },
      "rotation": {
        "x": 0.0594216584303197,
        "y": 0.11290637933266878,
        "z": -0.006764538827353881,
        "w": 0.9918041201862033
      },
      "viewCenter": {
        "x": -0.2666613508642842,
        "y": 1.5908868015323356,
        "z": -0.8736021431710979
      }
    },
    "086b30ef-5a87-451c-9865-8e43a392a563": {
      "position": {
        "x": -2.6841769011692547,
        "y": 4.0512010542464685,
        "z": 5.949471099292377
      },
      "rotation": {
        "x": -0.18619561506318325,
        "y": -0.29280219018561204,
        "z": -0.05824259149901924,
        "w": 0.9360586898743208
      },
      "viewCenter": {
        "x": 1.5159425244498286,
        "y": 0.9981712163502106,
        "z": -0.10729978372623528
      }
    },
    "2c0ea650-91fa-4a3c-bfae-fd4b0d9646a1": {
      "position": {
        "x": -0.7328324150179464,
        "y": 2.0918184171027185,
        "z": 1.5215616640933398
      },
      "rotation": {
        "x": -0.1616960743985069,
        "y": -0.20819468602985772,
        "z": -0.03492155089409868,
        "w": 0.9639968036856723
      },
      "viewCenter": {
        "x": 0.19113468859939603,
        "y": 1.3189971357464074,
        "z": -0.5177703999072737
      }
    }
  },
  "camera-uuids": [
    "f46876e4-e81b-4931-b493-6d367be385e7"
  ],
  "float-window": {
    "position": {
      "cc": {
        "Camera": {
          "dock": false,
          "top": null,
          "bottom": 10,
          "left": null,
          "right": 10
        }
      }
    }
  },
  "__version__": "1.0.0"
}
